Domain,Status,Attractiveness,Demand,Length,Sectors,Created,Expires,Registrar
brief.cars,available,124,19%,5,"Business,Education,General,Law",,,
second.cars,available,120,23%,6,"General,Mathematics",,,
complete.cars,available,120,21%,8,"Manufacturing,Retail,Technology",,,
wizard.cars,available,118,42%,6,"Entertainment,Media,Technology",,,
tenth.cars,available,116,7%,5,Mathematics,,,
equal.cars,available,116,19%,5,"Education,General,Law",,,
flat.cars,available,116,24%,4,"Construction,Real Estate",,,
tonic.cars,available,114,22%,5,"Health and Fitness,Medicine,Science",,,
hotshot.cars,available,112,14%,7,"Business,Entertainment,Sports",,,
above.cars,available,112,22%,5,Business,,,
zero.cars,available,112,49%,4,Mathematics,,,
acute.cars,available,112,9%,5,"Mathematics,Medicine,Science",,,
abstract.cars,available,108,29%,8,"Arts,Humanities,Science",,,
abiding.cars,available,106,5%,7,"General,Religion",,,
expert.cars,available,104,26%,6,"Business,Education,Technology",,,
active.cars,available,104,27%,6,"Health and Fitness,Sports,Travel",,,
teen.cars,available,104,14%,4,"Education,Entertainment,Healthcare",,,
extra.cars,available,102,26%,5,"Fashion,Retail,Technology",,,
captive.cars,available,102,14%,7,"Entertainment,Hospitality,Technology",,,
absent.cars,available,102,8%,6,"Business,Education,Technology",,,
eight.cars,available,102,23%,5,"General,Mathematics",,,
eighth.cars,available,100,6%,6,Mathematics,,,
whiz.cars,available,100,12%,4,"Business,Education,Technology",,,
sixth.cars,available,100,8%,5,Mathematics,,,
remove.cars,available,100,13%,6,"Construction,Manufacturing,Technology",,,
abrupt.cars,available,100,3%,6,"Medicine,Science",,,
crack.cars,available,100,20%,5,Sports,,,
third.cars,available,100,16%,5,Mathematics,,,
ninth.cars,available,100,9%,5,Mathematics,,,
adjunct.cars,available,100,5%,7,Education,,,
whizz.cars,available,98,11%,5,"Business,Education,Technology",,,
genius.cars,available,98,46%,6,"Arts,Education,Technology",,,
actual.cars,available,96,22%,6,"Real Estate,Retail,Technology",,,
alamode.cars,available,96,12%,9,Fashion,,,
academic.cars,available,96,20%,8,"Education,Humanities,Science",,,
forgiving.cars,available,96,3%,9,"Healthcare,Religion",,,
doable.cars,available,96,9%,6,"Business,Education,Technology",,,
around.cars,available,94,22%,6,"Business,General,Media,Technology",,,
about.cars,available,94,28%,5,"Business,General,Media,Technology",,,
abject.cars,available,94,7%,6,Humanities,,,
adequate.cars,available,94,9%,8,"Education,Healthcare,Technology",,,
virtuoso.cars,available,94,16%,8,"Arts,Entertainment",,,
abroad.cars,available,92,12%,6,"Hospitality,Travel",,,
derelict.cars,available,92,7%,8,"Construction,Real Estate",,,
adjective.cars,available,92,5%,9,Education,,,
neutral.cars,available,92,20%,7,"Business,Media,Politics",,,
twentieth.cars,available,92,3%,9,Mathematics,,,
exemplary.cars,available,92,5%,9,"Business,Education,Healthcare",,,
nought.cars,available,92,4%,6,Mathematics,,,
adept.cars,available,92,24%,5,"Education,Health and Fitness,Sports",,,
next.cars,available,92,43%,4,"Retail,Technology,Transportation",,,
adoring.cars,available,90,2%,7,"Entertainment,Fashion,Retail",,,
abortive.cars,available,90,1%,8,"Medicine,Science",,,
clear.cars,available,90,47%,5,"Manufacturing,Retail,Technology",,,
leash.cars,available,90,7%,5,"General,Health and Fitness,Retail",,,
additional.cars,available,90,8%,10,"Fashion,Retail,Technology",,,
riveting.cars,available,90,6%,8,"Entertainment,Media,Technology",,,
addictive.cars,available,90,9%,9,Healthcare,,,
gripping.cars,available,90,3%,8,"Entertainment,Media,Technology",,,
endearing.cars,available,90,1%,9,"Entertainment,Fashion,Retail",,,
hundred.cars,available,88,14%,7,Mathematics,,,
wide.cars,available,88,18%,4,"Business,Media,Technology",,,
twelve.cars,available,88,18%,6,"General,Mathematics",,,
sixteen.cars,available,88,11%,7,Mathematics,,,
ace.cars,available,88,34%,3,Sports,,,
activist.cars,available,88,12%,8,"Humanities,Politics",,,
actionable.cars,available,88,13%,10,"Business,Law",,,
proficient.cars,available,88,8%,10,"Education,Health and Fitness,Sports",,,
adlib.cars,available,88,7%,6,Entertainment,,,
eleven.cars,available,88,33%,6,Mathematics,,,
ten.cars,available,88,28%,3,"General,Mathematics",,,
fifteen.cars,available,88,13%,7,Mathematics,,,
three.cars,available,88,24%,5,Mathematics,,,
intent.cars,available,86,25%,6,"Business,Education,Technology",,,
xiv.cars,available,86,12%,3,Mathematics,,,
recondite.cars,available,86,4%,9,"Arts,Humanities,Science",,,
cipher.cars,available,86,29%,6,Mathematics,,,
adolescent.cars,available,86,3%,10,"Education,Entertainment,Healthcare",,,
extempore.cars,available,86,3%,9,Entertainment,,,
aboriginal.cars,available,86,10%,10,Humanities,,,
xix.cars,available,86,11%,3,Mathematics,,,
engrossing.cars,available,86,0%,10,"Entertainment,Media,Technology",,,
attendant.cars,available,86,5%,9,"Healthcare,Hospitality,Transportation",,,
fourteen.cars,available,84,8%,8,Mathematics,,,
acting.cars,available,84,12%,6,Entertainment,,,
seventeen.cars,available,84,7%,9,Mathematics,,,
sharp.cars,available,84,34%,5,"Arts,Fashion",,,
twentyone.cars,available,84,13%,10,Mathematics,,,
thirteen.cars,available,84,10%,8,Mathematics,,,
twentytwo.cars,available,84,11%,10,Mathematics,,,
deviate.cars,available,84,12%,7,"Medicine,Science",,,
nineteen.cars,available,84,8%,8,Mathematics,,,
accessory.cars,available,84,8%,9,"Fashion,Retail,Technology",,,
thousand.cars,available,84,8%,8,Mathematics,,,
grand.cars,available,84,25%,5,"Finance,General",,,
adjustable.cars,available,84,3%,10,"Manufacturing,Retail,Technology",,,
cleansing.cars,available,82,3%,9,Health and Fitness,,,
dozen.cars,available,82,10%,5,Mathematics,,,
abroach.cars,available,82,1%,7,Food and Beverage,,,
altered.cars,available,82,9%,7,"Medicine,Science",,,
abdominal.cars,available,82,1%,9,"Health and Fitness,Medicine",,,
abkhaz.cars,available,82,1%,6,Geography,,,
fivesome.cars,available,82,1%,8,Sports,,,
decade.cars,available,82,10%,6,Mathematics,,,
absorbent.cars,available,82,3%,9,"Healthcare,Manufacturing,Retail",,,
impromptu.cars,available,82,16%,9,Entertainment,,,
abenaki.cars,available,82,2%,7,Geography,,,
enduring.cars,available,82,9%,8,"Health and Fitness,Religion",,,
good.cars,available,82,47%,4,"Food and Beverage,General,Health and Fitness,Retail",,,
forty.cars,available,80,9%,5,Mathematics,,,
two.cars,available,80,24%,3,Mathematics,,,
first.cars,available,80,36%,5,"General,Mathematics",,,
twenty.cars,available,80,12%,6,Mathematics,,,
abundant.cars,available,80,19%,8,"Agriculture,Manufacturing,Retail",,,
absolute.cars,available,80,25%,8,"Engineering,Mathematics,Science",,,
trio.cars,available,80,21%,4,Entertainment,,,
worshipful.cars,available,80,1%,10,"Education,Healthcare,Religion",,,
some.cars,available,80,32%,4,"Business,Media,Retail",,,
absorbable.cars,available,80,0%,10,"Healthcare,Pharmaceuticals,Science",,,
adoptable.cars,available,80,3%,9,"Education,Healthcare",,,
nine.cars,available,80,24%,4,"General,Mathematics",,,
seventh.cars,available,80,10%,7,Mathematics,,,
yard.cars,available,80,26%,4,"Construction,General",,,
wiz.cars,available,80,30%,3,"Business,Education,Technology",,,
superstar.cars,available,80,18%,9,Entertainment,,,
absurd.cars,available,80,16%,6,"Arts,Entertainment,Media",,,
able.cars,available,80,29%,4,"Business,Education,General,Technology",,,
dorsal.cars,available,80,6%,6,"Medicine,Science",,,
sequent.cars,available,80,7%,7,"Healthcare,Insurance,Transportation",,,
capable.cars,available,80,12%,7,"Business,Education,Technology",,,
accepted.cars,available,78,6%,8,"Business,Education,Technology",,,
accurate.cars,available,78,16%,8,"Engineering,Mathematics,Science",,,
honestly.cars,available,78,9%,8,"Business,Law",,,
twentysix.cars,available,78,8%,10,Mathematics,,,
sixtynine.cars,available,78,8%,10,Mathematics,,,
adrenal.cars,available,78,4%,7,"Education,Healthcare,Science",,,
athletic.cars,available,78,15%,8,"Health and Fitness,Sports",,,
low.cars,available,78,20%,3,"Business,Finance",,,
accessible.cars,available,78,21%,10,"Healthcare,Retail,Technology",,,
abkhazian.cars,available,78,1%,9,Geography,,,
absorptive.cars,available,78,1%,10,"Healthcare,Manufacturing,Retail",,,
acceptable.cars,available,78,5%,10,"Business,Hospitality,Retail",,,
acceptant.cars,available,78,1%,9,"Education,Healthcare",,,
accidental.cars,available,78,11%,10,"Healthcare,Insurance,Transportation",,,
abounding.cars,available,78,2%,9,Agriculture,,,
recognised.cars,available,78,3%,10,"Business,Education,Technology",,,
adjacent.cars,available,78,9%,8,"Construction,Real Estate,Retail",,,
abkhasian.cars,available,78,1%,9,Geography,,,
adorable.cars,available,78,8%,8,"Entertainment,Fashion,Retail",,,
dormant.cars,available,78,4%,7,"Medicine,Science",,,
recognized.cars,available,78,3%,10,"Business,Education,Technology",,,
incidental.cars,available,76,4%,10,"Healthcare,Insurance,Transportation",,,
addable.cars,available,76,2%,7,"Engineering,Mathematics,Science",,,
thirteenth.cars,available,76,4%,10,Mathematics,,,
adaptive.cars,available,76,28%,8,"Business,Education,Technology",,,
thousandth.cars,available,76,1%,10,Mathematics,,,
acoustic.cars,available,76,14%,8,Science,,,
adherent.cars,available,76,4%,8,"Politics,Religion",,,
adhesive.cars,available,76,7%,8,"Construction,Manufacturing,Technology",,,
ventral.cars,available,76,3%,7,Science,,,
resultant.cars,available,76,2%,9,"Healthcare,Insurance,Transportation",,,
ague.cars,available,76,2%,4,"Geography,Medicine,Science",,,
hundredth.cars,available,76,1%,9,Mathematics,,,
auxiliary.cars,available,76,7%,9,"Healthcare,Manufacturing,Technology",,,
adaptable.cars,available,76,9%,9,"Business,Education,Technology",,,
ancillary.cars,available,76,6%,9,"Healthcare,Manufacturing,Technology",,,
diamond.cars,available,76,32%,7,Fashion,,,
energizing.cars,available,76,3%,10,"Food and Beverage,Health and Fitness,Travel",,,
firstrate.cars,available,76,6%,10,Business,,,
obscene.cars,available,76,5%,7,"Entertainment,Media",,,
fourteenth.cars,available,76,1%,10,Mathematics,,,
threed.cars,available,76,7%,7,Technology,,,
eighteen.cars,available,76,7%,8,Mathematics,,,
abrasive.cars,available,76,6%,8,"Construction,Manufacturing",,,
fifteenth.cars,available,76,2%,9,Mathematics,,,
adipose.cars,available,76,2%,7,"Healthcare,Science",,,
improvise.cars,available,76,4%,9,Entertainment,,,
nineteenth.cars,available,76,3%,10,Mathematics,,,
adenoid.cars,available,74,1%,7,"Health and Fitness,Medicine,Science",,,
cleared.cars,available,74,7%,7,"Healthcare,Law,Transportation",,,
supra.cars,available,74,25%,5,"Medicine,Science",,,
admirable.cars,available,74,5%,9,"Business,Education,Healthcare",,,
achievable.cars,available,74,4%,10,"Business,Education,Technology",,,
sensation.cars,available,74,7%,9,"Entertainment,Media,Sports",,,
adamant.cars,available,74,14%,7,Religion,,,
acuate.cars,available,74,2%,6,"Engineering,Medicine,Science",,,
single.cars,available,74,19%,6,Sports,,,
realizable.cars,available,74,1%,10,"Business,Education,Technology",,,
abnormal.cars,available,74,16%,8,"Medicine,Science",,,
activated.cars,available,74,9%,9,"Healthcare,Manufacturing,Technology",,,
manageable.cars,available,74,4%,10,"Business,Education,Technology",,,
adrenergic.cars,available,74,1%,10,"Education,Healthcare,Science",,,
broad.cars,available,74,13%,5,"Entertainment,General,Media",,,
adapted.cars,available,74,6%,7,"Healthcare,Manufacturing,Technology",,,
skilful.cars,available,74,3%,7,"Education,Health and Fitness,Sports",,,
mavin.cars,available,74,7%,5,"Entertainment,Fashion,Technology",,,
accepting.cars,available,74,3%,9,"Education,Healthcare",,,
aberrant.cars,available,74,6%,8,"Medicine,Science",,,
playing.cars,available,74,12%,7,Entertainment,,,
adjectival.cars,available,72,1%,10,Education,,,
adiabatic.cars,available,72,3%,9,"Engineering,Science",,,
existent.cars,available,72,3%,8,"Mathematics,Science",,,
adjunctive.cars,available,72,1%,10,"Healthcare,Manufacturing,Technology",,,
abreast.cars,available,72,2%,7,"Business,Technology",,,
ablaze.cars,available,72,6%,6,Entertainment,,,
liv.cars,available,72,27%,3,Mathematics,,,
lovely.cars,available,72,26%,6,"Entertainment,Fashion,Retail",,,
trinity.cars,available,72,18%,7,Religion,,,
ninetieth.cars,available,72,1%,9,Mathematics,,,
eightieth.cars,available,72,1%,9,Mathematics,,,
adaptative.cars,available,72,1%,10,"Business,Education,Technology",,,
accustomed.cars,available,72,1%,10,"Business,Education,Humanities",,,
champion.cars,available,72,28%,8,"Entertainment,Health and Fitness,Sports",,,
improvize.cars,available,72,1%,9,Entertainment,,,
engrossed.cars,available,72,1%,9,"Entertainment,Media,Technology",,,
accusative.cars,available,72,0%,10,"Humanities,Law",,,
aching.cars,available,72,4%,6,Healthcare,,,
ternary.cars,available,72,7%,7,Mathematics,,,
addicted.cars,available,72,9%,8,Healthcare,,,
abloom.cars,available,72,5%,6,Agriculture,,,
sixtieth.cars,available,72,1%,8,Mathematics,,,
adonic.cars,available,72,2%,6,"Arts,Education,Entertainment",,,
absorbed.cars,available,72,2%,8,"Entertainment,Media,Technology",,,
deep.cars,available,72,41%,4,"Engineering,Mathematics,Science",,,
absolutist.cars,available,72,1%,10,"Humanities,Law,Politics",,,
trey.cars,available,72,14%,4,Sports,,,
seventieth.cars,available,72,1%,10,Mathematics,,,
tiptop.cars,available,70,24%,6,Fashion,,,
practiced.cars,available,70,3%,9,"Education,Health and Fitness,Sports",,,
consequent.cars,available,70,3%,10,"Business,Education,General,Technology",,,
accumbent.cars,available,70,1%,9,"Healthcare,Medicine,Science",,,
recumbent.cars,available,70,2%,9,"Healthcare,Medicine,Science",,,
abulic.cars,available,70,1%,6,Medicine,,,
unity.cars,available,70,40%,5,Mathematics,,,
absorbing.cars,available,70,3%,9,"Entertainment,Media,Technology",,,
gymnastic.cars,available,70,3%,9,"Entertainment,Sports",,,
adjusted.cars,available,70,5%,8,"Manufacturing,Retail,Technology",,,
miserable.cars,available,70,4%,9,Humanities,,,
abradant.cars,available,70,1%,8,"Construction,Manufacturing",,,
admired.cars,available,70,5%,7,"Business,Education,Healthcare",,,
adamantine.cars,available,70,4%,10,Religion,,,
adored.cars,available,70,6%,6,"Entertainment,Fashion,Retail",,,
lowdown.cars,available,70,6%,8,"Entertainment,Media",,,
stillborn.cars,available,70,2%,9,"Medicine,Science",,,
offhand.cars,available,70,2%,7,Entertainment,,,
skillful.cars,available,70,9%,8,"Education,Health and Fitness,Sports",,,
acuminate.cars,available,70,1%,9,"Engineering,Medicine,Science",,,
aroused.cars,available,68,3%,7,"Entertainment,Health and Fitness",,,
septenary.cars,available,68,1%,9,Mathematics,,,
licensed.cars,available,68,5%,8,"Business,Healthcare,Insurance",,,
ennead.cars,available,68,5%,6,Mathematics,,,
disciple.cars,available,68,14%,8,"Education,Religion",,,
overseas.cars,available,68,12%,8,"Hospitality,Travel",,,
achaian.cars,available,68,2%,7,Humanities,,,
ane.cars,available,68,12%,3,Mathematics,,,
fiftieth.cars,available,68,0%,8,Mathematics,,,
scurvy.cars,available,68,3%,6,Humanities,,,
activating.cars,available,68,3%,10,"Healthcare,Manufacturing,Technology",,,
stygian.cars,available,68,5%,7,Humanities,,,
thirtieth.cars,available,68,1%,9,Mathematics,,,
threesome.cars,available,68,5%,9,Entertainment,,,
ablative.cars,available,68,3%,8,Science,,,
vindicated.cars,available,68,2%,10,"Humanities,Law,Politics",,,
fortieth.cars,available,68,0%,8,Mathematics,,,
achaean.cars,available,68,2%,7,Humanities,,,
aberdonian.cars,available,68,1%,10,Geography,,,
aculeate.cars,available,68,1%,8,"Engineering,Medicine,Science",,,
sevener.cars,available,68,1%,7,Mathematics,,,
abducent.cars,available,68,0%,8,Medicine,,,
abkhas.cars,available,68,0%,6,Geography,,,
licenced.cars,available,68,2%,8,"Business,Healthcare,Insurance",,,
decorated.cars,available,68,3%,9,"Entertainment,Fashion,Retail",,,
accredited.cars,available,68,9%,10,"Business,Education,Healthcare",,,
octonary.cars,available,68,1%,8,Mathematics,,,
foursome.cars,available,68,4%,8,Sports,,,
abnaki.cars,available,68,1%,6,Geography,,,
acerate.cars,available,68,1%,7,Science,,,
acrobatic.cars,available,66,4%,9,"Entertainment,Sports",,,
latest.cars,available,66,18%,6,Technology,,,
acappella.cars,available,66,6%,10,Entertainment,,,
xviii.cars,available,66,5%,5,Mathematics,,,
century.cars,available,66,17%,7,Education,,,
ninety.cars,available,66,11%,6,Mathematics,,,
modish.cars,available,66,5%,6,Fashion,,,
adopted.cars,available,66,4%,7,"Education,Healthcare",,,
abstinent.cars,available,66,1%,9,"Health and Fitness,Religion",,,
tenner.cars,available,66,5%,6,Finance,,,
xxi.cars,available,66,10%,3,Mathematics,,,
xiii.cars,available,66,9%,4,Mathematics,,,
buzzing.cars,available,66,7%,7,"Entertainment,Media,Technology",,,
fifty.cars,available,66,12%,5,Mathematics,,,
teenager.cars,available,66,4%,8,"Education,Entertainment,Healthcare",,,
accessary.cars,available,66,1%,9,"Business,Law,Technology",,,
deuce.cars,available,66,9%,5,Sports,,,
clv.cars,available,66,10%,3,Mathematics,,,
thirty.cars,available,66,8%,6,Mathematics,,,
six.cars,available,66,26%,3,Mathematics,,,
eighty.cars,available,66,6%,6,Mathematics,,,
performing.cars,available,66,6%,10,Entertainment,,,
xxvi.cars,available,66,3%,4,Mathematics,,,
maven.cars,available,66,30%,5,"Entertainment,Fashion,Technology",,,
exonerated.cars,available,66,2%,10,"Humanities,Law,Politics",,,
xvii.cars,available,66,5%,4,Mathematics,,,
acervate.cars,available,66,1%,8,Science,,,
four.cars,available,66,27%,4,Mathematics,,,
according.cars,available,66,3%,9,"Business,Education,Technology",,,
onec.cars,available,66,6%,5,Mathematics,,,
adorned.cars,available,66,5%,7,"Entertainment,Fashion,Retail",,,
xii.cars,available,66,10%,3,Mathematics,,,
five.cars,available,66,26%,4,Mathematics,,,
xxv.cars,available,66,6%,3,Mathematics,,,
xvi.cars,available,66,5%,3,Mathematics,,,
xxii.cars,available,66,6%,4,Mathematics,,,
sextet.cars,available,66,1%,6,Entertainment,,,
accordant.cars,available,64,3%,9,"Arts,Entertainment",,,
rising.cars,available,64,18%,6,"Construction,Manufacturing,Real Estate",,,
deviant.cars,available,64,12%,7,"Medicine,Science",,,
acentric.cars,available,64,2%,8,Science,,,
ccc.cars,available,64,38%,3,Mathematics,,,
nondrinker.cars,available,64,1%,10,"Health and Fitness,Religion",,,
adagio.cars,available,64,14%,6,Entertainment,,,
aflame.cars,available,64,3%,6,Entertainment,,,
astringent.cars,available,64,1%,10,"Healthcare,Pharmaceuticals",,,
scatty.cars,available,64,1%,6,"Arts,Entertainment,Media",,,
absolved.cars,available,64,1%,8,"Humanities,Law,Religion",,,
activation.cars,available,62,16%,10,"Healthcare,Manufacturing,Technology",,,
eighteenth.cars,available,62,1%,10,Mathematics,,,
quartet.cars,available,62,7%,7,"Arts,Entertainment",,,
exculpated.cars,available,62,1%,10,"Humanities,Law,Politics",,,
eleventh.cars,available,62,5%,8,Mathematics,,,
sixteenth.cars,available,62,1%,9,Mathematics,,,
orso.cars,available,62,9%,5,"Business,Media,Technology",,,
twodozen.cars,available,62,1%,9,Mathematics,,,
nail.cars,available,62,16%,4,"Construction,Fashion,General,Retail",,,
ensuant.cars,available,62,1%,7,"Healthcare,Insurance,Transportation",,,
fortyfour.cars,available,62,6%,10,Mathematics,,,
accusing.cars,available,62,1%,8,Law,,,
adjuvant.cars,available,62,5%,8,"Healthcare,Manufacturing,Technology",,,
troika.cars,available,62,8%,6,Politics,,,
admissible.cars,available,62,1%,10,"Education,Healthcare,Law",,,
chiliad.cars,available,62,2%,7,Mathematics,,,
abo.cars,available,62,15%,3,Science,,,
aborigine.cars,available,62,1%,9,Humanities,,,
adoptive.cars,available,62,1%,8,"Education,Healthcare",,,
activistic.cars,available,62,1%,10,"Humanities,Politics",,,
accrued.cars,available,62,2%,7,"Banking,Finance,Insurance",,,
longdozen.cars,available,62,2%,10,Mathematics,,,
acidic.cars,available,62,5%,6,"Food and Beverage,Science",,,
playacting.cars,available,62,1%,10,Entertainment,,,
cumulative.cars,available,62,2%,10,"Banking,Finance,Insurance",,,
pungent.cars,available,62,1%,7,Food and Beverage,,,
wrapped.cars,available,62,13%,7,"Fashion,Hospitality,Retail",,,
roughly.cars,available,62,3%,7,"Business,Media,Technology",,,
aufait.cars,available,62,3%,7,"Fashion,Media",,,
cxv.cars,available,60,4%,3,Mathematics,,,
thou.cars,available,60,7%,4,Mathematics,,,
clx.cars,available,60,10%,3,Mathematics,,,
adnate.cars,available,60,1%,6,"Agriculture,Manufacturing,Retail",,,
idolised.cars,available,60,1%,8,"Entertainment,Fashion,Retail",,,
cxxxv.cars,available,60,2%,5,Mathematics,,,
clxxv.cars,available,60,1%,5,Mathematics,,,
idolized.cars,available,60,3%,8,"Entertainment,Fashion,Retail",,,
tertiary.cars,available,60,4%,8,Education,,,
clxxx.cars,available,60,1%,5,Mathematics,,,
cxxv.cars,available,60,1%,4,Mathematics,,,
clxx.cars,available,60,3%,4,Mathematics,,,
cxxx.cars,available,60,4%,4,Mathematics,,,
paunchy.cars,available,60,0%,7,"Health and Fitness,Medicine",,,
abashed.cars,available,60,1%,7,Humanities,,,
octet.cars,available,60,12%,5,Arts,,,
adnexal.cars,available,60,1%,7,"Agriculture,Manufacturing,Retail",,,
eightysix.cars,available,60,7%,10,Mathematics,,,
sixty.cars,available,60,13%,5,Mathematics,,,
cxx.cars,available,60,10%,3,Mathematics,,,
annexal.cars,available,60,1%,7,"Agriculture,Manufacturing,Retail",,,
abstemious.cars,available,60,0%,10,"Food and Beverage,Health and Fitness,Hospitality",,,
acceptive.cars,available,60,1%,9,"Education,Healthcare",,,
abstainer.cars,available,60,0%,9,"Health and Fitness,Religion",,,
cautionary.cars,available,60,1%,10,"Business,Education,Healthcare",,,
aboveboard.cars,available,60,5%,10,"Business,Law",,,
cxlv.cars,available,60,2%,4,Mathematics,,,
clxv.cars,available,60,1%,4,Mathematics,,,
cxl.cars,available,60,7%,3,Mathematics,,,
xcl.cars,available,60,5%,3,Mathematics,,,
tercet.cars,available,59,2%,6,"Arts,Entertainment,Media",,,
justabout.cars,available,58,3%,10,"Business,Media,Technology",,,
aucourant.cars,available,58,3%,10,"Fashion,Media",,,
offhanded.cars,available,58,1%,9,Entertainment,,,
fourscore.cars,available,58,4%,9,Mathematics,,,
accretive.cars,available,58,6%,9,"Banking,Finance,Insurance",,,
accented.cars,available,58,3%,8,"Arts,Entertainment",,,
eighter.cars,available,58,2%,7,Mathematics,,,
abridged.cars,available,58,4%,8,Media,,,
twelfth.cars,available,58,2%,7,Mathematics,,,
adhoc.cars,available,58,24%,6,"Business,Engineering,Technology",,,
closeto.cars,available,58,3%,8,"Business,Media,Technology",,,
abuzz.cars,available,58,5%,5,"Entertainment,Media,Technology",,,
niner.cars,available,58,5%,5,Mathematics,,,
addible.cars,available,58,2%,7,"Engineering,Mathematics,Science",,,
adjustive.cars,available,58,1%,9,"Manufacturing,Retail,Technology",,,
octad.cars,available,58,5%,5,Mathematics,,,
sixtyone.cars,available,58,3%,9,Mathematics,,,
heptad.cars,available,58,1%,6,Mathematics,,,
abandoned.cars,available,58,10%,9,"Construction,Real Estate",,,
alacarte.cars,available,58,11%,10,Food and Beverage,,,
actuarial.cars,available,58,8%,9,"Finance,Insurance,Mathematics",,,
acetic.cars,available,58,1%,6,"Food and Beverage,Science",,,
tetrad.cars,available,58,5%,6,Mathematics,,,
sixer.cars,available,58,5%,5,Sports,,,
lxxviii.cars,available,58,1%,7,Mathematics,,,
hexad.cars,available,58,4%,5,Mathematics,,,
adient.cars,available,58,4%,6,"Medicine,Science",,,
quintet.cars,available,58,8%,7,"Arts,Entertainment",,,
enwrapped.cars,available,58,0%,9,"Entertainment,Fashion,Media",,,
acyclic.cars,available,58,4%,7,"Engineering,Mathematics,Science",,,
ache.cars,available,58,7%,4,Healthcare,,,
seventy.cars,available,58,7%,7,Mathematics,,,
seven.cars,available,58,36%,5,Mathematics,,,
accoutred.cars,available,58,1%,9,"Fashion,Manufacturing,Retail",,,
fifth.cars,available,58,12%,5,Mathematics,,,
pentad.cars,available,58,2%,6,Mathematics,,,
lxxx.cars,available,58,2%,4,Mathematics,,,
abused.cars,available,58,5%,6,"Healthcare,Law",,,
fourth.cars,available,58,13%,6,Mathematics,,,
linear.cars,available,58,22%,6,"Engineering,Mathematics,Science",,,
centesimal.cars,available,58,1%,10,Mathematics,,,
cypher.cars,available,58,29%,6,Mathematics,,,
addressed.cars,available,58,3%,9,"Business,Technology,Telecommunications",,,
sextuplet.cars,available,58,1%,9,Healthcare,,,
xliv.cars,available,56,2%,4,Mathematics,,,
potbellied.cars,available,56,0%,10,"Health and Fitness,Medicine",,,
fiftysix.cars,available,56,4%,9,Mathematics,,,
xxiii.cars,available,56,5%,5,Mathematics,,,
xlvi.cars,available,56,3%,4,Mathematics,,,
xxxvi.cars,available,56,1%,5,Mathematics,,,
lii.cars,available,56,7%,3,Mathematics,,,
fiftyone.cars,available,56,7%,9,Mathematics,,,
xliii.cars,available,56,1%,5,Mathematics,,,
xlviii.cars,available,56,1%,6,Mathematics,,,
fortytwo.cars,available,56,17%,9,Mathematics,,,
xxiv.cars,available,56,5%,4,Mathematics,,,
thirtyone.cars,available,56,5%,10,Mathematics,,,
appressed.cars,available,56,0%,9,"Agriculture,Manufacturing,Retail",,,
terzetto.cars,available,56,3%,8,Arts,,,
fortynine.cars,available,56,3%,10,Mathematics,,,
lvi.cars,available,56,8%,3,Mathematics,,,
addled.cars,available,56,2%,6,Entertainment,,,
fiftytwo.cars,available,56,6%,9,Mathematics,,,
xxxviii.cars,available,56,1%,7,Mathematics,,,
halfdozen.cars,available,56,1%,10,Mathematics,,,
abeyant.cars,available,56,1%,7,"Business,Law",,,
xlii.cars,available,56,5%,4,Mathematics,,,
liii.cars,available,56,4%,4,Mathematics,,,
abdominous.cars,available,56,0%,10,"Health and Fitness,Medicine",,,
admittible.cars,available,56,1%,10,"Education,Healthcare,Hospitality",,,
maledict.cars,available,56,1%,8,Religion,,,
xxix.cars,available,56,4%,4,Mathematics,,,
fiftynine.cars,available,56,4%,10,Mathematics,,,
fiftyfour.cars,available,56,3%,10,Mathematics,,,
xxviii.cars,available,56,1%,6,Mathematics,,,
xli.cars,available,56,5%,3,Mathematics,,,
ilx.cars,available,56,5%,3,Mathematics,,,
accoutered.cars,available,56,0%,10,"Fashion,Manufacturing,Retail",,,
xxvii.cars,available,56,3%,5,Mathematics,,,
xxxiv.cars,available,56,1%,5,Mathematics,,,
admittable.cars,available,56,1%,10,"Education,Healthcare,Hospitality",,,
xxxvii.cars,available,56,2%,6,Mathematics,,,
lviii.cars,available,56,1%,5,Mathematics,,,
lvii.cars,available,56,1%,4,Mathematics,,,
xxxii.cars,available,56,1%,5,Mathematics,,,
xxxi.cars,available,56,9%,4,Mathematics,,,
fiftyfive.cars,available,56,7%,10,Mathematics,,,
admissive.cars,available,56,1%,9,"Education,Healthcare,Hospitality",,,
xlvii.cars,available,56,2%,5,Mathematics,,,
thirtytwo.cars,available,56,5%,10,Mathematics,,,
xlv.cars,available,56,6%,3,Mathematics,,,
thirtysix.cars,available,56,5%,10,Mathematics,,,
fortysix.cars,available,56,3%,9,Mathematics,,,
fortyone.cars,available,56,4%,9,Mathematics,,,
triad.cars,available,56,15%,5,Arts,,,
xxxv.cars,available,56,4%,4,Mathematics,,,
xxxiii.cars,available,56,2%,6,Mathematics,,,
aone.cars,available,56,15%,5,Food and Beverage,,,
abient.cars,available,54,1%,6,Science,,,
unnatural.cars,available,54,4%,9,"Medicine,Science",,,
adducent.cars,available,54,1%,8,"Engineering,Mathematics,Science",,,
sise.cars,available,54,5%,4,Mathematics,,,
adpressed.cars,available,54,0%,9,"Agriculture,Manufacturing,Retail",,,
viii.cars,available,54,6%,4,Mathematics,,,
adducting.cars,available,54,1%,9,"Engineering,Mathematics,Science",,,
abatic.cars,available,54,1%,6,Science,,,
actuated.cars,available,54,2%,8,"Automotive,Manufacturing,Technology",,,
accentual.cars,available,54,3%,9,"Arts,Entertainment",,,
abasic.cars,available,54,1%,6,Science,,,
quadruplet.cars,available,54,1%,10,"Healthcare,Medicine,Science",,,
abatable.cars,available,54,1%,8,Law,,,
quaternity.cars,available,54,4%,10,Mathematics,,,
quintuplet.cars,available,54,1%,10,"Healthcare,Medicine,Science",,,
acoustical.cars,available,54,4%,10,Science,,,
admonitory.cars,available,54,0%,10,"Business,Education,Healthcare",,,
iii.cars,available,54,24%,3,Mathematics,,,
threescore.cars,available,54,1%,10,Mathematics,,,
fortyfive.cars,available,54,4%,10,Mathematics,,,
quaternion.cars,available,54,6%,10,Mathematics,,,
scratchy.cars,available,54,3%,8,Fashion,,,
topnotch.cars,available,54,18%,8,Business,,,
achy.cars,available,54,3%,4,Healthcare,,,
adaxial.cars,available,54,2%,7,Science,,,
ternion.cars,available,54,3%,7,Mathematics,,,
quatern.cars,available,54,2%,7,Mathematics,,,
vii.cars,available,54,13%,3,Mathematics,,,
deserted.cars,available,54,3%,8,"Hospitality,Real Estate",,,
twoscore.cars,available,54,2%,8,Mathematics,,,
accursed.cars,available,54,3%,8,"Entertainment,Media,Religion",,,
monitory.cars,available,54,3%,8,"Business,Education,Healthcare",,,
adductive.cars,available,54,0%,9,"Engineering,Mathematics,Science",,,
fin.cars,available,54,30%,3,Finance,,,
achromatic.cars,available,54,4%,10,Science,,,
deuceace.cars,available,54,2%,9,Sports,,,
abaxial.cars,available,54,1%,7,Science,,,
adjuratory.cars,available,54,0%,10,"Law,Politics,Religion",,,
aboral.cars,available,54,2%,6,Science,,,
abducens.cars,available,54,1%,8,Medicine,,,
abhorrent.cars,available,54,1%,9,Humanities,,,
xxx.cars,available,53,30%,3,"Arts,Entertainment,Media",,,
sestet.cars,available,53,1%,6,Arts,,,
septet.cars,available,53,1%,6,General,,,
repugnant.cars,available,52,1%,9,Humanities,,,
lxxxvii.cars,available,52,1%,7,Mathematics,,,
ninetytwo.cars,available,52,4%,10,Mathematics,,,
lxviii.cars,available,52,1%,6,Mathematics,,,
xciii.cars,available,52,1%,5,Mathematics,,,
lxi.cars,available,52,5%,3,Mathematics,,,
chagrined.cars,available,52,1%,9,Humanities,,,
lxxi.cars,available,52,1%,4,Mathematics,,,
uphill.cars,available,52,7%,6,"Sports,Transportation,Travel",,,
lxiv.cars,available,52,3%,4,Mathematics,,,
abusive.cars,available,52,3%,7,"Healthcare,Law",,,
lxxxiii.cars,available,52,1%,7,Mathematics,,,
sixtyfive.cars,available,52,3%,10,Mathematics,,,
sixtytwo.cars,available,52,3%,9,Mathematics,,,
repulsive.cars,available,52,1%,9,Humanities,,,
tierce.cars,available,52,3%,6,General,,,
lxxxvi.cars,available,52,1%,6,Mathematics,,,
lxxv.cars,available,52,1%,4,Mathematics,,,
ninetyone.cars,available,52,5%,10,Mathematics,,,
abstruse.cars,available,52,5%,8,"Humanities,Mathematics,Science",,,
lxxiv.cars,available,52,1%,5,Mathematics,,,
abysmal.cars,available,52,4%,7,"Arts,Entertainment,Media",,,
aboulic.cars,available,52,1%,7,Medicine,,,
odious.cars,available,52,2%,6,"Entertainment,Humanities",,,
xcii.cars,available,52,2%,4,Mathematics,,,
adenoidal.cars,available,52,1%,9,"Health and Fitness,Medicine,Science",,,
lxvii.cars,available,52,1%,5,Mathematics,,,
eightytwo.cars,available,52,4%,10,Mathematics,,,
sixtyfour.cars,available,52,3%,10,Mathematics,,,
lxxiii.cars,available,52,1%,6,Mathematics,,,
ixl.cars,available,52,9%,3,Mathematics,,,
lxv.cars,available,52,5%,3,Mathematics,,,
lxxxv.cars,available,52,1%,5,Mathematics,,,
lxxxii.cars,available,52,1%,6,Mathematics,,,
eightyone.cars,available,52,3%,10,Mathematics,,,
lxxxiv.cars,available,52,1%,6,Mathematics,,,
ablated.cars,available,52,1%,7,Science,,,
xciv.cars,available,52,2%,4,Mathematics,,,
ninetysix.cars,available,52,4%,10,Mathematics,,,
xcv.cars,available,52,7%,3,Mathematics,,,
lxxvi.cars,available,52,1%,5,Mathematics,,,
detestable.cars,available,52,1%,10,Humanities,,,
abominable.cars,available,52,2%,10,"Entertainment,Humanities",,,
lxxii.cars,available,52,1%,5,Mathematics,,,
xci.cars,available,52,4%,3,Mathematics,,,
lxvi.cars,available,52,3%,4,Mathematics,,,
ixc.cars,available,52,5%,3,Mathematics,,,
lxii.cars,available,52,1%,4,Mathematics,,,
lxxxi.cars,available,52,1%,5,Mathematics,,,
decumbent.cars,available,52,1%,9,"Healthcare,Medicine,Science",,,
littlejoe.cars,available,52,2%,10,"Entertainment,Media",,,
lxiii.cars,available,52,2%,5,Mathematics,,,
lxxvii.cars,available,52,2%,6,Mathematics,,,
xcviii.cars,available,52,1%,6,Mathematics,,,
sixtysix.cars,available,52,4%,9,Mathematics,,,
xcvi.cars,available,52,2%,4,Mathematics,,,
xcvii.cars,available,52,1%,5,Mathematics,,,
spinous.cars,available,50,1%,7,"Agriculture,Science",,,
acapnic.cars,available,50,0%,7,"Healthcare,Medicine,Science",,,
abdicable.cars,available,50,0%,9,Law,,,
acquitted.cars,available,50,1%,9,Law,,,
triplet.cars,available,50,8%,7,Science,,,
broached.cars,available,50,0%,8,Food and Beverage,,,
acerb.cars,available,50,2%,5,Science,,,
lxx.cars,available,50,5%,3,Mathematics,,,
quint.cars,available,50,13%,5,"Arts,Entertainment",,,
aculeated.cars,available,50,0%,9,"Engineering,Medicine,Science",,,
aborticide.cars,available,50,0%,10,Medicine,,,
acaudal.cars,available,50,1%,7,"Agriculture,Science",,,
adactylous.cars,available,50,0%,10,Science,,,
cinque.cars,available,50,7%,6,Mathematics,,,
gillless.cars,available,50,0%,9,Science,,,
acerose.cars,available,50,1%,7,Science,,,
abactinal.cars,available,50,0%,9,Science,,,
trine.cars,available,50,11%,5,"General,Religion",,,
adhominem.cars,available,50,2%,10,"Humanities,Law,Politics",,,
abomasal.cars,available,50,0%,8,Agriculture,,,
acellular.cars,available,50,1%,9,Science,,,
acetous.cars,available,50,1%,7,Science,,,
needlelike.cars,available,50,0%,10,"Engineering,Medicine,Science",,,
ogdoad.cars,available,50,1%,6,Mathematics,,,
scummy.cars,available,50,1%,6,Humanities,,,
acapnotic.cars,available,50,0%,9,"Healthcare,Medicine,Science",,,
vinegary.cars,available,50,1%,8,Food and Beverage,,,
abducting.cars,available,50,0%,9,Medicine,,,
abbatial.cars,available,50,0%,8,Religion,,,
acerbic.cars,available,50,2%,7,"Arts,Humanities,Media",,,
acetose.cars,available,50,1%,7,Science,,,
abranchial.cars,available,50,0%,10,Science,,,
apriori.cars,available,48,13%,8,Mathematics,,,
execrable.cars,available,48,0%,9,"Entertainment,Humanities",,,
ilxx.cars,available,48,1%,4,Mathematics,,,
notguilty.cars,available,48,5%,10,Law,,,
abyssal.cars,available,48,12%,7,"Arts,Entertainment,Media",,,
ilxxx.cars,available,48,1%,5,Mathematics,,,
abstracted.cars,available,48,5%,10,"Arts,Humanities,Science",,,
lxxxviii.cars,available,48,1%,8,Mathematics,,,
cotyloid.cars,available,46,1%,8,Science,,,
acetonic.cars,available,46,1%,8,Science,,,
achromous.cars,available,46,1%,9,Science,,,
acanthoid.cars,available,46,1%,9,"Agriculture,Science",,,
stripling.cars,available,46,2%,9,"Education,Entertainment,Healthcare",,,
acarpelous.cars,available,46,0%,10,"Agriculture,Science",,,
theabsurd.cars,available,46,1%,10,"Arts,Entertainment,Media",,,
stemless.cars,available,46,2%,8,"Agriculture,Science",,,
acanthotic.cars,available,46,0%,10,"Agriculture,Science",,,
acarpous.cars,available,46,0%,8,"Agriculture,Science",,,
acetylic.cars,available,46,1%,8,Science,,,
acanthous.cars,available,46,0%,9,"Agriculture,Science",,,
achenial.cars,available,46,1%,8,Science,,,
acheronian.cars,available,46,1%,10,Humanities,,,
quaternary.cars,available,46,3%,10,Mathematics,,,
vinegarish.cars,available,46,1%,10,Food and Beverage,,,
acaudate.cars,available,46,1%,8,"Agriculture,Science",,,
acapnial.cars,available,46,0%,8,"Healthcare,Medicine,Science",,,
acicular.cars,available,46,2%,8,Science,,,
acetabular.cars,available,46,1%,10,Science,,,
acephalous.cars,available,46,1%,10,Science,,,
acetylenic.cars,available,46,1%,10,Science,,,
achromic.cars,available,46,2%,8,Science,,,
cotyloidal.cars,available,44,1%,10,Science,,,
acherontic.cars,available,44,1%,10,Humanities,,,
accusatory.cars,available,44,1%,10,Law,,,
abscessed.cars,available,41,0%,9,Healthcare,,,
phoebe.cars,available,41,14%,6,Science,,,
accusive.cars,available,40,1%,8,Law,,,
scurrilous.cars,available,40,1%,10,"Entertainment,Media,Politics",,,
accurst.cars,available,40,1%,7,Religion,,,